year,value,serie,source
1990,3101300778.56414,pib_usd,World Bank
1991,3135045584.08387,pib_usd,World Bank
1992,3356692505.18266,pib_usd,World Bank
1993,3199536465.23328,pib_usd,World Bank
1994,1895290637.09504,pib_usd,World Bank
1995,2379517975.28056,pib_usd,World Bank
1996,2586550595.41013,pib_usd,World Bank
1997,2447669101.95178,pib_usd,World Bank
1998,2804902367.14687,pib_usd,World Bank
1999,3389566712.66037,pib_usd,World Bank
2000,2968370087.59759,pib_usd,World Bank
2001,3190371080.94768,pib_usd,World Bank
2002,3622350062.96053,pib_usd,World Bank
2003,4740768142.67494,pib_usd,World Bank
2004,5451688537.60959,pib_usd,World Bank
2005,6146353173.34929,pib_usd,World Bank
2006,6547419820.38113,pib_usd,World Bank
2007,7625722836.76847,pib_usd,World Bank
2008,9451435490.11467,pib_usd,World Bank
2009,9450696873.34326,pib_usd,World Bank
2010,10109619740.6994,pib_usd,World Bank
2011,12080295977.5632,pib_usd,World Bank
2012,12561015156.5683,pib_usd,World Bank
2013,13444300485.8412,pib_usd,World Bank
2014,13943016076.7436,pib_usd,World Bank
2015,11832159315.6298,pib_usd,World Bank
2016,12833363045.3367,pib_usd,World Bank
2017,14106955615.3442,pib_usd,World Bank
2018,15890066221.2882,pib_usd,World Bank
2019,16032813503.3707,pib_usd,World Bank
2020,17725010532.5268,pib_usd,World Bank
2021,19697516284.3787,pib_usd,World Bank
2022,18622421394.6133,pib_usd,World Bank
2023,20112614449.2039,pib_usd,World Bank
2024,23124729853.0218,pib_usd,World Bank
1990,338.593759055128,pib_par_habitant,World Bank
1991,333.70605512636,pib_par_habitant,World Bank
1992,348.592443894547,pib_par_habitant,World Bank
1993,324.111576707435,pib_par_habitant,World Bank
1994,187.21142372606,pib_par_habitant,World Bank
1995,229.092294496817,pib_par_habitant,World Bank
1996,242.733171352672,pib_par_habitant,World Bank
1997,223.853958525611,pib_par_habitant,World Bank
1998,249.53173292493,pib_par_habitant,World Bank
1999,292.836958697313,pib_par_habitant,World Bank
2000,248.908526921752,pib_par_habitant,World Bank
2001,259.485223380436,pib_par_habitant,World Bank
2002,285.654087637533,pib_par_habitant,World Bank
2003,362.373899996953,pib_par_habitant,World Bank
2004,403.81283743461,pib_par_habitant,World Bank
2005,441.164148016012,pib_par_habitant,World Bank
2006,455.513655620024,pib_par_habitant,World Bank
2007,514.684451177238,pib_par_habitant,World Bank
2008,619.437533256264,pib_par_habitant,World Bank
2009,601.569520671859,pib_par_habitant,World Bank
2010,624.957252224766,pib_par_habitant,World Bank
2011,725.024767725475,pib_par_habitant,World Bank
2012,731.470138867833,pib_par_habitant,World Bank
2013,759.762065168498,pib_par_habitant,World Bank
2014,764.861675106225,pib_par_habitant,World Bank
2015,630.124750752312,pib_par_habitant,World Bank
2016,663.742364842886,pib_par_habitant,World Bank
2017,709.091535894695,pib_par_habitant,World Bank
2018,777.465618514048,pib_par_habitant,World Bank
2019,764.853077774946,pib_par_habitant,World Bank
2020,825.237038782475,pib_par_habitant,World Bank
2021,895.535288442991,pib_par_habitant,World Bank
2022,827.330843486661,pib_par_habitant,World Bank
2023,873.482589651003,pib_par_habitant,World Bank
2024,981.992649769081,pib_par_habitant,World Bank
1990,-0.602928477580988,croissance_pib,World Bank
1991,9.06998445877436,croissance_pib,World Bank
1992,0.232710761845951,croissance_pib,World Bank
1993,3.46138493945818,croissance_pib,World Bank
1994,1.31500727210265,croissance_pib,World Bank
1995,5.71637386269622,croissance_pib,World Bank
1996,11.014743869558,croissance_pib,World Bank
1997,6.31683473483768,croissance_pib,World Bank
1998,7.30771963496896,croissance_pib,World Bank
1999,7.39523780111931,croissance_pib,World Bank
2000,1.88847388906525,croissance_pib,World Bank
2001,6.61340574539679,croissance_pib,World Bank
2002,4.35296382988099,croissance_pib,World Bank
2003,7.80249388870359,croissance_pib,World Bank
2004,4.47845213670386,croissance_pib,World Bank
2005,8.66187322841225,croissance_pib,World Bank
2006,6.25316468817478,croissance_pib,World Bank
2007,4.11137901761516,croissance_pib,World Bank
2008,5.79999174105387,croissance_pib,World Bank
2009,2.96195085866692,croissance_pib,World Bank
2010,8.44628157707625,croissance_pib,World Bank
2011,6.62256261306693,croissance_pib,World Bank
2012,6.45267237953146,croissance_pib,World Bank
2013,5.79258484509867,croissance_pib,World Bank
2014,4.32684561452976,croissance_pib,World Bank
2015,3.9212287937935,croissance_pib,World Bank
2016,5.95797670754024,croissance_pib,World Bank
2017,6.20348941121868,croissance_pib,World Bank
2018,6.60456906812341,croissance_pib,World Bank
2019,5.88920497068135,croissance_pib,World Bank
2020,2.01077262406221,croissance_pib,World Bank
2021,6.94252492572348,croissance_pib,World Bank
2022,1.62673258211919,croissance_pib,World Bank
2023,3.00027415814125,croissance_pib,World Bank
2024,4.79980951667159,croissance_pib,World Bank
1990,-0.504303388918912,inflation_ipc,World Bank
1991,2.16260052713423,inflation_ipc,World Bank
1992,-1.99113580736894,inflation_ipc,World Bank
1993,0.553455723541917,inflation_ipc,World Bank
1994,25.1778762249962,inflation_ipc,World Bank
1995,7.45884497828324,inflation_ipc,World Bank
1996,6.09780439121741,inflation_ipc,World Bank
1997,2.31869062176683,inflation_ipc,World Bank
1998,5.08433344145324,inflation_ipc,World Bank
1999,-1.07261362759533,inflation_ipc,World Bank
2000,-0.304212168486802,inflation_ipc,World Bank
2001,5.00743290822373,inflation_ipc,World Bank
2002,2.17569480664608,inflation_ipc,World Bank
2003,2.03456574053815,inflation_ipc,World Bank
2004,-0.400228702115451,inflation_ipc,World Bank
2005,6.41504018369684,inflation_ipc,World Bank
2006,2.33310856372219,inflation_ipc,World Bank
2007,-0.230627306273049,inflation_ipc,World Bank
2008,10.6597978997424,inflation_ipc,World Bank
2009,2.60817666368314,inflation_ipc,World Bank
2010,-0.764230734676768,inflation_ipc,World Bank
2011,2.75976724854534,inflation_ipc,World Bank
2012,3.8181524025238,inflation_ipc,World Bank
2013,0.533738507090536,inflation_ipc,World Bank
2014,-0.258089517535291,inflation_ipc,World Bank
2015,0.724838981070516,inflation_ipc,World Bank
2016,0.441041448058809,inflation_ipc,World Bank
2017,1.48299897161325,inflation_ipc,World Bank
2018,1.95594302672532,inflation_ipc,World Bank
2019,-3.23338933983321,inflation_ipc,World Bank
2020,1.88470066518847,inflation_ipc,World Bank
2021,3.65326761825508,inflation_ipc,World Bank
2022,14.2902354303358,inflation_ipc,World Bank
2023,0.742910428668917,inflation_ipc,World Bank
2024,4.19081721344523,inflation_ipc,World Bank
1990,1.81001541960049,inflation_deflateur,World Bank
1991,-3.9677807475580402,inflation_deflateur,World Bank
1992,0.227059619996879,inflation_deflateur,World Bank
1993,-1.44183978328999,inflation_deflateur,World Bank
1994,14.6389618841227,inflation_deflateur,World Bank
1995,6.76956903796038,inflation_deflateur,World Bank
1996,0.348705151128442,inflation_deflateur,World Bank
1997,1.55619984983713,inflation_deflateur,World Bank
1998,7.94031603070835,inflation_deflateur,World Bank
1999,17.3908245064623,inflation_deflateur,World Bank
2000,-0.819773185220825,inflation_deflateur,World Bank
2001,3.96155291715017,inflation_deflateur,World Bank
2002,3.05698609068348,inflation_deflateur,World Bank
2003,1.48472881492427,inflation_deflateur,World Bank
2004,0.0906485898375564,inflation_deflateur,World Bank
2005,3.73938539728054,inflation_deflateur,World Bank
2006,-0.662826822466556,inflation_deflateur,World Bank
2007,2.49234918341701,inflation_deflateur,World Bank
2008,9.15980043749074,inflation_deflateur,World Bank
2009,2.40550487042772,inflation_deflateur,World Bank
2010,3.77961872815705,inflation_deflateur,World Bank
2011,6.73800480732596,inflation_deflateur,World Bank
2012,5.82399948795916,inflation_deflateur,World Bank
2013,-2.12917117768745,inflation_deflateur,World Bank
2014,-0.620386925840478,inflation_deflateur,World Bank
2015,-2.22395417919314,inflation_deflateur,World Bank
2016,2.60429919226561,inflation_deflateur,World Bank
2017,1.41629727998107,inflation_deflateur,World Bank
2018,1.07396688968345,inflation_deflateur,World Bank
2019,0.51290051556127,inflation_deflateur,World Bank
2020,6.46559578788029,inflation_deflateur,World Bank
2021,0.112863112943955,inflation_deflateur,World Bank
2022,4.64258435284958,inflation_deflateur,World Bank
2023,1.96648133830102,inflation_deflateur,World Bank
2024,9.6697648715818,inflation_deflateur,World Bank
1990,9159356,population,World Bank
1991,9394632,population,World Bank
1992,9629275,population,World Bank
1993,9871713,population,World Bank
1994,10123798,population,World Bank
1995,10386722,population,World Bank
1996,10655942,population,World Bank
1997,10934223,population,World Bank
1998,11240664,population,World Bank
1999,11574928,population,World Bank
2000,11925546,population,World Bank
2001,12295001,population,World Bank
2002,12680897,population,World Bank
2003,13082532,population,World Bank
2004,13500533,population,World Bank
2005,13932123,population,World Bank
2006,14373707,population,World Bank
2007,14816307,population,World Bank
2008,15258093,population,World Bank
2009,15710066,population,World Bank
2010,16176498,population,World Bank
2011,16661908,population,World Bank
2012,17172287,population,World Bank
2013,17695409,population,World Bank
2014,18229461,population,World Bank
2015,18777487,population,World Bank
2016,19334856,population,World Bank
2017,19894407,population,World Bank
2018,20438288,population,World Bank
2019,20961952,population,World Bank
2020,21478690,population,World Bank
2021,21995243,population,World Bank
2022,22509038,population,World Bank
2023,23025776,population,World Bank
2024,23548781,population,World Bank
1990,2.6348206163474,croissance_pop,World Bank
1991,2.53625917894951,croissance_pop,World Bank
1992,2.46694750828756,croissance_pop,World Bank
1993,2.48654572072589,croissance_pop,World Bank
1994,2.52154952786592,croissance_pop,World Bank
1995,2.56393697670826,croissance_pop,World Bank
1996,2.55894111772828,croissance_pop,World Bank
1997,2.57799245224128,croissance_pop,World Bank
1998,2.76403220911076,croissance_pop,World Bank
1999,2.9303462196778,croissance_pop,World Bank
2000,2.98414422391968,croissance_pop,World Bank
2001,3.05099351122556,croissance_pop,World Bank
2002,3.09039308299234,croissance_pop,World Bank
2003,3.11812174449527,croissance_pop,World Bank
2004,3.14512608695879,croissance_pop,World Bank
2005,3.14680149143287,croissance_pop,World Bank
2006,3.12034537509581,croissance_pop,World Bank
2007,3.03277637197036,croissance_pop,World Bank
2008,2.93816522811728,croissance_pop,World Bank
2009,2.91916025918168,croissance_pop,World Bank
2010,2.92577947499021,croissance_pop,World Bank
2011,2.95657078370668,croissance_pop,World Bank
2012,3.0171707485343,croissance_pop,World Bank
2013,3.00083639274971,croissance_pop,World Bank
2014,2.9733794200807,croissance_pop,World Bank
2015,2.96196306547686,croissance_pop,World Bank
2016,2.92508251378454,croissance_pop,World Bank
2017,2.85291595529266,croissance_pop,World Bank
2018,2.69713675384815,croissance_pop,World Bank
2019,2.52989803984158,croissance_pop,World Bank
2020,2.43522959287393,croissance_pop,World Bank
2021,2.37649218888363,croissance_pop,World Bank
2022,2.30907147387783,croissance_pop,World Bank
2023,2.26973666268599,croissance_pop,World Bank
2024,2.24597728439097,croissance_pop,World Bank
1993,6.1,acces_electricite,World Bank
1994,6.12501001358032,acces_electricite,World Bank
1995,6.62533283233643,acces_electricite,World Bank
1996,7.1229362487793,acces_electricite,World Bank
1997,7.61713981628418,acces_electricite,World Bank
1998,8.10726451873779,acces_electricite,World Bank
1999,6.9,acces_electricite,World Bank
2000,9.1,acces_electricite,World Bank
2001,9.5,acces_electricite,World Bank
2002,9.9,acces_electricite,World Bank
2003,11.4,acces_electricite,World Bank
2004,10.7,acces_electricite,World Bank
2005,11.1,acces_electricite,World Bank
2006,11.6,acces_electricite,World Bank
2007,12,acces_electricite,World Bank
2008,12.5,acces_electricite,World Bank
2009,12.6,acces_electricite,World Bank
2010,13.1,acces_electricite,World Bank
2011,14.8,acces_electricite,World Bank
2012,15.1,acces_electricite,World Bank
2013,15.4,acces_electricite,World Bank
2014,19.2,acces_electricite,World Bank
2015,16.2,acces_electricite,World Bank
2016,16.6,acces_electricite,World Bank
2017,17,acces_electricite,World Bank
2018,14.4,acces_electricite,World Bank
2019,17.6,acces_electricite,World Bank
2020,18.5,acces_electricite,World Bank
2021,19,acces_electricite,World Bank
2022,19.5,acces_electricite,World Bank
2023,21.7,acces_electricite,World Bank
1991,2.467,taux_chomage,World Bank
1992,2.505,taux_chomage,World Bank
1993,2.426,taux_chomage,World Bank
1994,2.58,taux_chomage,World Bank
1995,2.532,taux_chomage,World Bank
1996,2.446,taux_chomage,World Bank
1997,2.412,taux_chomage,World Bank
1998,2.44,taux_chomage,World Bank
1999,2.552,taux_chomage,World Bank
2000,2.687,taux_chomage,World Bank
2001,2.748,taux_chomage,World Bank
2002,2.862,taux_chomage,World Bank
2003,2.78,taux_chomage,World Bank
2004,3.48,taux_chomage,World Bank
2005,4,taux_chomage,World Bank
2006,3.67,taux_chomage,World Bank
2007,3.3,taux_chomage,World Bank
2008,3.501,taux_chomage,World Bank
2009,3.723,taux_chomage,World Bank
2010,3.725,taux_chomage,World Bank
2011,3.827,taux_chomage,World Bank
2012,3.849,taux_chomage,World Bank
2013,4.054,taux_chomage,World Bank
2014,4.255,taux_chomage,World Bank
2015,4.472,taux_chomage,World Bank
2016,4.598,taux_chomage,World Bank
2017,4.662,taux_chomage,World Bank
2018,4.695,taux_chomage,World Bank
2019,4.493,taux_chomage,World Bank
2020,4.59,taux_chomage,World Bank
2021,4.511,taux_chomage,World Bank
2022,3.828,taux_chomage,World Bank
2023,3.601,taux_chomage,World Bank
2024,3.441,taux_chomage,World Bank
1990,35.4226504401749,taux_ouverture,World Bank
1991,33.7962364263647,taux_ouverture,World Bank
1992,28.3740163771975,taux_ouverture,World Bank
1993,29.6250839534616,taux_ouverture,World Bank
1994,39.2292222386411,taux_ouverture,World Bank
1995,40.7474714183407,taux_ouverture,World Bank
1996,38.1802977691941,taux_ouverture,World Bank
1997,37.4164187803511,taux_ouverture,World Bank
1998,40.9397835752562,taux_ouverture,World Bank
1999,35.2548157814824,taux_ouverture,World Bank
2000,35.1229419704263,taux_ouverture,World Bank
2001,31.6581708148511,taux_ouverture,World Bank
2002,31.3125228527966,taux_ouverture,World Bank
2003,30.3682364077323,taux_ouverture,World Bank
2004,35.4809436017462,taux_ouverture,World Bank
2005,34.1721697681049,taux_ouverture,World Bank
2006,35.1065423554549,taux_ouverture,World Bank
2007,33.7797172895073,taux_ouverture,World Bank
2008,35.3853169801502,taux_ouverture,World Bank
2009,40.2959836735924,taux_ouverture,World Bank
2010,49.0732385398039,taux_ouverture,World Bank
2011,57.4972531038508,taux_ouverture,World Bank
2012,61.2386079818398,taux_ouverture,World Bank
2013,64.0358513024234,taux_ouverture,World Bank
2014,58.8235624937426,taux_ouverture,World Bank
2015,59.0891813101662,taux_ouverture,World Bank
2016,57.8931727994406,taux_ouverture,World Bank
2017,59.2687802020168,taux_ouverture,World Bank
2018,60.5956256236488,taux_ouverture,World Bank
2019,60.4086928753226,taux_ouverture,World Bank
2020,60.7397786403239,taux_ouverture,World Bank
2021,62.4203586607795,taux_ouverture,World Bank
2022,67.5202901331655,taux_ouverture,World Bank
2023,63.1326851693299,taux_ouverture,World Bank
2024,60.5024222912348,taux_ouverture,World Bank
1990,10.9666914119517,exportations_pib,World Bank
1991,10.4475484424359,exportations_pib,World Bank
1992,8.8464803686211,exportations_pib,World Bank
1993,8.95154328138584,exportations_pib,World Bank
1994,14.2016211454196,exportations_pib,World Bank
1995,14.1405565399915,exportations_pib,World Bank
1996,10.5636052055707,exportations_pib,World Bank
1997,10.8125309984677,exportations_pib,World Bank
1998,12.8081030220056,exportations_pib,World Bank
1999,8.35400550573099,exportations_pib,World Bank
2000,8.8447174852677,exportations_pib,World Bank
2001,9.0440827674193,exportations_pib,World Bank
2002,8.86536563219181,exportations_pib,World Bank
2003,9.22043165840572,exportations_pib,World Bank
2004,10.8815873012951,exportations_pib,World Bank
2005,9.84184747809064,exportations_pib,World Bank
2006,10.9568635027021,exportations_pib,World Bank
2007,10.3485422167992,exportations_pib,World Bank
2008,10.1493270523848,exportations_pib,World Bank
2009,13.7889708614234,exportations_pib,World Bank
2010,20.5158488554008,exportations_pib,World Bank
2011,26.1955005196271,exportations_pib,World Bank
2012,26.5980854179657,exportations_pib,World Bank
2013,27.0769854530325,exportations_pib,World Bank
2014,26.932004154154,exportations_pib,World Bank
2015,26.1076455357024,exportations_pib,World Bank
2016,25.915964804251,exportations_pib,World Bank
2017,26.4523856350501,exportations_pib,World Bank
2018,28.0789061419219,exportations_pib,World Bank
2019,29.2576956572794,exportations_pib,World Bank
2020,31.7768656908663,exportations_pib,World Bank
2021,32.797073516181,exportations_pib,World Bank
2022,31.2180734191588,exportations_pib,World Bank
2023,28.9402085370677,exportations_pib,World Bank
2024,28.5577186223644,exportations_pib,World Bank
1990,24.4559590282232,importations_pib,World Bank
1991,23.3486879839288,importations_pib,World Bank
1992,19.5275360085764,importations_pib,World Bank
1993,20.6735406720758,importations_pib,World Bank
1994,25.0276010932215,importations_pib,World Bank
1995,26.6069148783492,importations_pib,World Bank
1996,27.6166925636234,importations_pib,World Bank
1997,26.6038877818834,importations_pib,World Bank
1998,28.1316805532505,importations_pib,World Bank
1999,26.9008102757514,importations_pib,World Bank
2000,26.2782244851586,importations_pib,World Bank
2001,22.6140880474318,importations_pib,World Bank
2002,22.4471572206048,importations_pib,World Bank
2003,21.1478047493266,importations_pib,World Bank
2004,24.5993563004511,importations_pib,World Bank
2005,24.330322290014202,importations_pib,World Bank
2006,24.1496788527529,importations_pib,World Bank
2007,23.4311750727081,importations_pib,World Bank
2008,25.2359899277654,importations_pib,World Bank
2009,26.507012812169,importations_pib,World Bank
2010,28.5573896844031,importations_pib,World Bank
2011,31.3017525842237,importations_pib,World Bank
2012,34.6405225638741,importations_pib,World Bank
2013,36.9588658493908,importations_pib,World Bank
2014,31.8915583395886,importations_pib,World Bank
2015,32.9815357744638,importations_pib,World Bank
2016,31.977207995189602,importations_pib,World Bank
2017,32.8163945669667,importations_pib,World Bank
2018,32.5167194817269,importations_pib,World Bank
2019,31.1509972180432,importations_pib,World Bank
2020,28.9629129494576,importations_pib,World Bank
2021,29.6232851445985,importations_pib,World Bank
2022,36.3022167140067,importations_pib,World Bank
2023,34.1924766322622,importations_pib,World Bank
2024,31.9447036688705,importations_pib,World Bank
1990,0.0148324858775218,ide_net_pib,World Bank
1991,0.0181815538151598,ide_net_pib,World Bank
1992,0.0927415899786328,ide_net_pib,World Bank
1993,0.0993387646784723,ide_net_pib,World Bank
1994,0.969328378478066,ide_net_pib,World Bank
1995,0.412551201629083,ide_net_pib,World Bank
1996,0.627288328664118,ide_net_pib,World Bank
1997,0.398984078044402,ide_net_pib,World Bank
1998,0.157122759480677,ide_net_pib,World Bank
1999,0.233833721885331,ide_net_pib,World Bank
2000,0.778458188099508,ide_net_pib,World Bank
2001,0.196436710369704,ide_net_pib,World Bank
2002,0.414815789165315,ide_net_pib,World Bank
2003,0.614299394603336,ide_net_pib,World Bank
2004,0.263190384062024,ide_net_pib,World Bank
2005,0.848145874654018,ide_net_pib,World Bank
2006,1.28064578676022,ide_net_pib,World Bank
2007,0.284717939080865,ide_net_pib,World Bank
2008,0.351169723487995,ide_net_pib,World Bank
2009,0.599468939611006,ide_net_pib,World Bank
2010,0.384492219825665,ide_net_pib,World Bank
2011,1.19074493368624,ide_net_pib,World Bank
2012,2.62145990530181,ide_net_pib,World Bank
2013,3.64766773141753,ide_net_pib,World Bank
2014,2.56255154786841,ide_net_pib,World Bank
2015,1.95992715697747,ide_net_pib,World Bank
2016,3.04380349897538,ide_net_pib,World Bank
2017,0.0182370342122821,ide_net_pib,World Bank
2018,1.68919942943091,ide_net_pib,World Bank
2019,1.0164787373679,ide_net_pib,World Bank
2020,-0.557279533533573,ide_net_pib,World Bank
2021,-0.405926078113797,ide_net_pib,World Bank
2022,3.59640793567206,ide_net_pib,World Bank
2023,0.544129932348491,ide_net_pib,World Bank
2024,0.358681465803854,ide_net_pib,World Bank
1990,20.3691495962921,industrie_pib,World Bank
1991,19.2554872338296,industrie_pib,World Bank
1992,20.2596766217691,industrie_pib,World Bank
1993,19.8531100461198,industrie_pib,World Bank
1994,20.4112031488612,industrie_pib,World Bank
1995,19.9448893655573,industrie_pib,World Bank
1996,18.4922177411329,industrie_pib,World Bank
1997,19.6827849656377,industrie_pib,World Bank
1998,17.855937461003,industrie_pib,World Bank
1999,22.4646377615114,industrie_pib,World Bank
2000,21.8707545475914,industrie_pib,World Bank
2001,20.6389246484114,industrie_pib,World Bank
2002,20.6338145094446,industrie_pib,World Bank
2003,22.6250739908394,industrie_pib,World Bank
2004,22.6591757180332,industrie_pib,World Bank
2005,20.1658324331189,industrie_pib,World Bank
2006,20.5038527918156,industrie_pib,World Bank
2007,22.5483344043863,industrie_pib,World Bank
2008,20.5479237002055,industrie_pib,World Bank
2009,22.9558804915607,industrie_pib,World Bank
2010,26.0555520336446,industrie_pib,World Bank
2011,28.3722709055706,industrie_pib,World Bank
2012,26.8675103794383,industrie_pib,World Bank
2013,24.0957515828697,industrie_pib,World Bank
2014,24.9295392471244,industrie_pib,World Bank
2015,24.3613757844362,industrie_pib,World Bank
2016,24.8815173666488,industrie_pib,World Bank
2017,25.1402372200063,industrie_pib,World Bank
2018,25.5894433780973,industrie_pib,World Bank
2019,27.4259133812459,industrie_pib,World Bank
2020,29.4694767840377,industrie_pib,World Bank
2021,28.5306243008568,industrie_pib,World Bank
2022,26.0439488959765,industrie_pib,World Bank
2023,25.7539427182556,industrie_pib,World Bank
2024,26.5145073963928,industrie_pib,World Bank
1990,14.749016035232,manufacture_pib,World Bank
1991,13.3768188365992,manufacture_pib,World Bank
1992,14.4729991962581,manufacture_pib,World Bank
1993,14.2273249689116,manufacture_pib,World Bank
1994,13.4479200252453,manufacture_pib,World Bank
1995,14.1207630284126,manufacture_pib,World Bank
1996,13.3691843435768,manufacture_pib,World Bank
1997,14.3566842684005,manufacture_pib,World Bank
1998,13.800527058155,manufacture_pib,World Bank
1999,16.1865910663958,manufacture_pib,World Bank
2000,15.3569387785973,manufacture_pib,World Bank
2001,14.9412026654593,manufacture_pib,World Bank
2002,14.8511840913686,manufacture_pib,World Bank
2003,15.5877482965007,manufacture_pib,World Bank
2004,15.1405667549036,manufacture_pib,World Bank
2005,13.3407610225118,manufacture_pib,World Bank
2006,14.0439735303659,manufacture_pib,World Bank
2007,14.3377242679516,manufacture_pib,World Bank
2008,13.0131387415025,manufacture_pib,World Bank
2009,13.5479824440917,manufacture_pib,World Bank
2010,12.1399885526317,manufacture_pib,World Bank
2011,11.6121572602355,manufacture_pib,World Bank
2012,10.3423290173696,manufacture_pib,World Bank
2013,10.1697715451051,manufacture_pib,World Bank
2014,10.9960425440905,manufacture_pib,World Bank
2015,11.6602964471487,manufacture_pib,World Bank
2016,11.120438157279,manufacture_pib,World Bank
2017,10.2593862096842,manufacture_pib,World Bank
2018,10.5252036549404,manufacture_pib,World Bank
2019,10.4105983913211,manufacture_pib,World Bank
2020,10.0313185254464,manufacture_pib,World Bank
2021,9.8115542260696,manufacture_pib,World Bank
2022,10.2229223988687,manufacture_pib,World Bank
2023,9.9273181498493,manufacture_pib,World Bank
2024,9.49858147123838,manufacture_pib,World Bank
1990,27.9500222744042,agriculture_pib,World Bank
1991,29.793265328148,agriculture_pib,World Bank
1992,28.8098112792292,agriculture_pib,World Bank
1993,30.2310515664871,agriculture_pib,World Bank
1994,32.9477702743622,agriculture_pib,World Bank
1995,33.2172170930601,agriculture_pib,World Bank
1996,36.3791732658042,agriculture_pib,World Bank
1997,33.7387786954986,agriculture_pib,World Bank
1998,36.5635560806964,agriculture_pib,World Bank
1999,27.2522866567535,agriculture_pib,World Bank
2000,24.9140364618327,agriculture_pib,World Bank
2001,26.9204304323679,agriculture_pib,World Bank
2002,26.3724484751209,agriculture_pib,World Bank
2003,25.9609768246545,agriculture_pib,World Bank
2004,23.3814384513092,agriculture_pib,World Bank
2005,26.7709190270281,agriculture_pib,World Bank
2006,25.2289761645165,agriculture_pib,World Bank
2007,21.8394874058463,agriculture_pib,World Bank
2008,27.314280245881,agriculture_pib,World Bank
2009,23.2048471286094,agriculture_pib,World Bank
2010,24.1433866229434,agriculture_pib,World Bank
2011,23.043650452489,agriculture_pib,World Bank
2012,23.7560050181575,agriculture_pib,World Bank
2013,23.6410927919708,agriculture_pib,World Bank
2014,23.6937727725999,agriculture_pib,World Bank
2015,22.6464984902029,agriculture_pib,World Bank
2016,21.7147178290213,agriculture_pib,World Bank
2017,20.5855872188282,agriculture_pib,World Bank
2018,20.9974732840091,agriculture_pib,World Bank
2019,18.2205245524421,agriculture_pib,World Bank
2020,17.9151635677562,agriculture_pib,World Bank
2021,17.2902157538449,agriculture_pib,World Bank
2022,20.6297606481805,agriculture_pib,World Bank
2023,19.00655933992,agriculture_pib,World Bank
2024,20.9326147949123,agriculture_pib,World Bank
1990,47.5925973739069,services_pib,World Bank
1991,46.3586227386582,services_pib,World Bank
1992,46.4065394896962,services_pib,World Bank
1993,46.2776042581147,services_pib,World Bank
1994,39.3936571262445,services_pib,World Bank
1995,39.532823713261,services_pib,World Bank
1996,37.4748721663137,services_pib,World Bank
1997,38.3333246970843,services_pib,World Bank
1998,37.9875193058709,services_pib,World Bank
1999,43.9512839598567,services_pib,World Bank
2000,47.7431323544295,services_pib,World Bank
2001,46.3932165940742,services_pib,World Bank
2002,46.5996342910245,services_pib,World Bank
2003,44.9144762732164,services_pib,World Bank
2004,46.4776363991653,services_pib,World Bank
2005,44.5494891325644,services_pib,World Bank
2006,47.138528226651,services_pib,World Bank
2007,48.1789341308636,services_pib,World Bank
2008,45.0673520982897,services_pib,World Bank
2009,45.889730891061,services_pib,World Bank
2010,42.120724852489,services_pib,World Bank
2011,40.5626068793802,services_pib,World Bank
2012,40.3188210511278,services_pib,World Bank
2013,41.5589270375237,services_pib,World Bank
2014,42.4959291277041,services_pib,World Bank
2015,44.0578267356519,services_pib,World Bank
2016,43.8058266776224,services_pib,World Bank
2017,43.9679835884394,services_pib,World Bank
2018,43.5508126426667,services_pib,World Bank
2019,45.3162521473929,services_pib,World Bank
2020,44.9534162457844,services_pib,World Bank
2021,45.3590661191773,services_pib,World Bank
2022,46.6196992594799,services_pib,World Bank
2023,47.5753324078222,services_pib,World Bank
2024,43.9471331300685,services_pib,World Bank
1960,330442815.821186,pib_usd_fred,FRED
1961,350247234.260712,pib_usd_fred,FRED
1962,379567099.249422,pib_usd_fred,FRED
1963,394040667.106335,pib_usd_fred,FRED
1964,410321644.964911,pib_usd_fred,FRED
1965,422916789.7483,pib_usd_fred,FRED
1966,433889766.239436,pib_usd_fred,FRED
1967,450753923.548048,pib_usd_fred,FRED
1968,460442689.376378,pib_usd_fred,FRED
1969,478298645.39382,pib_usd_fred,FRED
1970,458404268.761971,pib_usd_fred,FRED
1971,482411179.121178,pib_usd_fred,FRED
1972,578595521.990135,pib_usd_fred,FRED
1973,674773569.877548,pib_usd_fred,FRED
1974,751133430.449301,pib_usd_fred,FRED
1975,939972703.463021,pib_usd_fred,FRED
1976,976547188.054778,pib_usd_fred,FRED
1977,1131224878.18865,pib_usd_fred,FRED
1978,1475583644.93614,pib_usd_fred,FRED
1979,1748480620.52397,pib_usd_fred,FRED
1980,1928719888.20688,pib_usd_fred,FRED
1981,1775842333.57042,pib_usd_fred,FRED
1982,1754450096.23721,pib_usd_fred,FRED
1983,1600278605.25465,pib_usd_fred,FRED
1984,1459880132.14107,pib_usd_fred,FRED
1985,1552493196.28424,pib_usd_fred,FRED
1986,2036303357.68113,pib_usd_fred,FRED
1987,2369834949.73234,pib_usd_fred,FRED
1988,2616040478.99309,pib_usd_fred,FRED
1989,2615587733.97303,pib_usd_fred,FRED
1990,3101300778.56414,pib_usd_fred,FRED
1991,3135045584.08387,pib_usd_fred,FRED
1992,3356692505.18266,pib_usd_fred,FRED
1993,3199536465.23328,pib_usd_fred,FRED
1994,1895290637.09504,pib_usd_fred,FRED
1995,2379517975.28056,pib_usd_fred,FRED
1996,2586550595.41013,pib_usd_fred,FRED
1997,2447669101.95178,pib_usd_fred,FRED
1998,2804902367.14687,pib_usd_fred,FRED
1999,3389566712.66037,pib_usd_fred,FRED
2000,2968370087.59759,pib_usd_fred,FRED
2001,3190371080.94768,pib_usd_fred,FRED
2002,3622350062.96053,pib_usd_fred,FRED
2003,4740768142.67494,pib_usd_fred,FRED
2004,5451688537.60959,pib_usd_fred,FRED
2005,6146353173.34929,pib_usd_fred,FRED
2006,6547419820.38113,pib_usd_fred,FRED
2007,7625722836.76847,pib_usd_fred,FRED
2008,9451435490.11467,pib_usd_fred,FRED
2009,9450696873.34326,pib_usd_fred,FRED
2010,10109619740.6994,pib_usd_fred,FRED
2011,12080295977.5632,pib_usd_fred,FRED
2012,12561015156.5683,pib_usd_fred,FRED
2013,13444300485.8412,pib_usd_fred,FRED
2014,13943016076.7436,pib_usd_fred,FRED
2015,11832159315.6298,pib_usd_fred,FRED
2016,12833363045.3367,pib_usd_fred,FRED
2017,14106955615.3442,pib_usd_fred,FRED
2018,15890066221.2882,pib_usd_fred,FRED
2019,16032813503.3707,pib_usd_fred,FRED
2020,17725010532.5268,pib_usd_fred,FRED
2021,19697516284.3787,pib_usd_fred,FRED
2022,18622421394.6133,pib_usd_fred,FRED
2023,20112614449.2039,pib_usd_fred,FRED
2024,23124729853.0218,pib_usd_fred,FRED
1960,69.1502456087615,pib_par_hab_fred,FRED
1961,72.2423787062462,pib_par_hab_fred,FRED
1962,77.1529279288175,pib_par_hab_fred,FRED
1963,78.9087736712073,pib_par_hab_fred,FRED
1964,80.9147887718582,pib_par_hab_fred,FRED
1965,82.0746159924647,pib_par_hab_fred,FRED
1966,82.8360664864243,pib_par_hab_fred,FRED
1967,84.6272011419546,pib_par_hab_fred,FRED
1968,84.9737848392287,pib_par_hab_fred,FRED
1969,86.7555395725224,pib_par_hab_fred,FRED
1970,81.707563219742,pib_par_hab_fred,FRED
1971,84.5149375676447,pib_par_hab_fred,FRED
1972,99.6335814933813,pib_par_hab_fred,FRED
1973,114.137669473515,pib_par_hab_fred,FRED
1974,124.671435503255,pib_par_hab_fred,FRED
1975,152.901529606747,pib_par_hab_fred,FRED
1976,155.485422740659,pib_par_hab_fred,FRED
1977,175.963864454284,pib_par_hab_fred,FRED
1978,223.879111971163,pib_par_hab_fred,FRED
1979,258.501729034845,pib_par_hab_fred,FRED
1980,277.597531370181,pib_par_hab_fred,FRED
1981,248.707973908892,pib_par_hab_fred,FRED
1982,239.019483569339,pib_par_hab_fred,FRED
1983,211.925740542196,pib_par_hab_fred,FRED
1984,187.832224278391,pib_par_hab_fred,FRED
1985,194.063226299244,pib_par_hab_fred,FRED
1986,247.459134637104,pib_par_hab_fred,FRED
1987,280.218092226592,pib_par_hab_fred,FRED
1988,301.129214663833,pib_par_hab_fred,FRED
1989,293.188703727147,pib_par_hab_fred,FRED
1990,338.593759055128,pib_par_hab_fred,FRED
1991,333.70605512636,pib_par_hab_fred,FRED
1992,348.592443894547,pib_par_hab_fred,FRED
1993,324.111576707435,pib_par_hab_fred,FRED
1994,187.21142372606,pib_par_hab_fred,FRED
1995,229.092294496817,pib_par_hab_fred,FRED
1996,242.733171352672,pib_par_hab_fred,FRED
1997,223.853958525611,pib_par_hab_fred,FRED
1998,249.53173292493,pib_par_hab_fred,FRED
1999,292.836958697313,pib_par_hab_fred,FRED
2000,248.908526921752,pib_par_hab_fred,FRED
2001,259.485223380436,pib_par_hab_fred,FRED
2002,285.654087637533,pib_par_hab_fred,FRED
2003,362.373899996953,pib_par_hab_fred,FRED
2004,403.81283743461,pib_par_hab_fred,FRED
2005,441.164148016012,pib_par_hab_fred,FRED
2006,455.513655620024,pib_par_hab_fred,FRED
2007,514.684451177238,pib_par_hab_fred,FRED
2008,619.437533256264,pib_par_hab_fred,FRED
2009,601.569520671859,pib_par_hab_fred,FRED
2010,624.957252224766,pib_par_hab_fred,FRED
2011,725.024767725475,pib_par_hab_fred,FRED
2012,731.470138867833,pib_par_hab_fred,FRED
2013,759.762065168498,pib_par_hab_fred,FRED
2014,764.861675106225,pib_par_hab_fred,FRED
2015,630.124750752312,pib_par_hab_fred,FRED
2016,663.742364842886,pib_par_hab_fred,FRED
2017,709.091535894695,pib_par_hab_fred,FRED
2018,777.465618514048,pib_par_hab_fred,FRED
2019,764.853077774946,pib_par_hab_fred,FRED
2020,825.237038782475,pib_par_hab_fred,FRED
2021,895.535288442991,pib_par_hab_fred,FRED
2022,827.330843486661,pib_par_hab_fred,FRED
2023,873.482589651003,pib_par_hab_fred,FRED
2024,981.992649769081,pib_par_hab_fred,FRED
1960,7.78816199376883,inflation_ipc_fred,FRED
1961,18.5621387281078,inflation_ipc_fred,FRED
1962,1.67590956140175,inflation_ipc_fred,FRED
1963,5.57420282915088,inflation_ipc_fred,FRED
1964,1.84512319774996,inflation_ipc_fred,FRED
1965,-0.730252522661333,inflation_ipc_fred,FRED
1966,2.36410601983339,inflation_ipc_fred,FRED
1967,-4.33375390856905,inflation_ipc_fred,FRED
1968,-0.28671368777001,inflation_ipc_fred,FRED
1969,9.65552935762117,inflation_ipc_fred,FRED
1970,1.77260331451337,inflation_ipc_fred,FRED
1971,2.06121817995228,inflation_ipc_fred,FRED
1972,-2.92335655867951,inflation_ipc_fred,FRED
1973,7.60389036254297,inflation_ipc_fred,FRED
1974,8.71960945428422,inflation_ipc_fred,FRED
1975,18.7569466058634,inflation_ipc_fred,FRED
1976,-8.40071877820545,inflation_ipc_fred,FRED
1977,29.9861042997141,inflation_ipc_fred,FRED
1978,8.26914007214046,inflation_ipc_fred,FRED
1979,14.9934659503595,inflation_ipc_fred,FRED
1980,12.2026364968298,inflation_ipc_fred,FRED
1981,7.55570560440938,inflation_ipc_fred,FRED
1982,12.0597652081336,inflation_ipc_fred,FRED
1983,8.15376277420426,inflation_ipc_fred,FRED
1984,4.84695768186084,inflation_ipc_fred,FRED
1985,6.90605782140466,inflation_ipc_fred,FRED
1986,-2.61174292476783,inflation_ipc_fred,FRED
1987,-2.68178423511595,inflation_ipc_fred,FRED
1988,4.25561601785941,inflation_ipc_fred,FRED
1989,-0.481798715203333,inflation_ipc_fred,FRED
1990,-0.504303388918912,inflation_ipc_fred,FRED
1991,2.16260052713423,inflation_ipc_fred,FRED
1992,-1.99113580736894,inflation_ipc_fred,FRED
1993,0.553455723541917,inflation_ipc_fred,FRED
1994,25.1778762249962,inflation_ipc_fred,FRED
1995,7.45884497828324,inflation_ipc_fred,FRED
1996,6.09780439121741,inflation_ipc_fred,FRED
1997,2.31869062176683,inflation_ipc_fred,FRED
1998,5.08433344145324,inflation_ipc_fred,FRED
1999,-1.07261362759533,inflation_ipc_fred,FRED
2000,-0.304212168486802,inflation_ipc_fred,FRED
2001,5.00743290822373,inflation_ipc_fred,FRED
2002,2.17569480664608,inflation_ipc_fred,FRED
2003,2.03456574053815,inflation_ipc_fred,FRED
2004,-0.400228702115451,inflation_ipc_fred,FRED
2005,6.41504018369684,inflation_ipc_fred,FRED
2006,2.33310856372219,inflation_ipc_fred,FRED
2007,-0.230627306273049,inflation_ipc_fred,FRED
2008,10.6597978997424,inflation_ipc_fred,FRED
2009,2.60817666368314,inflation_ipc_fred,FRED
2010,-0.764230734676768,inflation_ipc_fred,FRED
2011,2.75976724854534,inflation_ipc_fred,FRED
2012,3.8181524025238,inflation_ipc_fred,FRED
2013,0.533738507090536,inflation_ipc_fred,FRED
2014,-0.258089517535291,inflation_ipc_fred,FRED
2015,0.724838981070516,inflation_ipc_fred,FRED
2016,0.441041448058809,inflation_ipc_fred,FRED
2017,1.48299897161325,inflation_ipc_fred,FRED
2018,1.95594302672532,inflation_ipc_fred,FRED
2019,-3.23338933983321,inflation_ipc_fred,FRED
2020,1.88470066518847,inflation_ipc_fred,FRED
2021,3.65326761825508,inflation_ipc_fred,FRED
2022,14.2902354303358,inflation_ipc_fred,FRED
2023,0.742910428668917,inflation_ipc_fred,FRED
2024,4.19081721344523,inflation_ipc_fred,FRED
2000,55.3600083679221,dette_exterieure,FRED
2001,43.8514189574053,dette_exterieure,FRED
2002,43.0594473489218,dette_exterieure,FRED
2003,37.8217551584654,dette_exterieure,FRED
2004,38.6510707907889,dette_exterieure,FRED
2005,34.3941545056863,dette_exterieure,FRED
2006,18.5744591922146,dette_exterieure,FRED
2007,20.7040455930538,dette_exterieure,FRED
2008,18.5918344773644,dette_exterieure,FRED
2009,22.7283799539111,dette_exterieure,FRED
2010,23.6540521054424,dette_exterieure,FRED
2011,18.8619626688214,dette_exterieure,FRED
2012,20.5430327522492,dette_exterieure,FRED
2013,19.923990608127,dette_exterieure,FRED
2014,18.559796577354,dette_exterieure,FRED
2015,22.5986612967269,dette_exterieure,FRED
2016,22.1438536144111,dette_exterieure,FRED
2017,22.4032254609978,dette_exterieure,FRED
2018,20.8437706472974,dette_exterieure,FRED
2019,23.016185808655,dette_exterieure,FRED
2020,22.9509056031021,dette_exterieure,FRED
2021,24.4622247824457,dette_exterieure,FRED
2022,26.4271928595108,dette_exterieure,FRED
2023,26.4322574512781,dette_exterieure,FRED
2024,24.6875633113754,dette_exterieure,FRED
2025,22.5376402473858,dette_exterieure,FRED
2026,21.0396324147307,dette_exterieure,FRED
1959,245.195098717111,taux_change_fcfa,FRED
1960,245.195098717111,taux_change_fcfa,FRED
1961,245.260101158475,taux_change_fcfa,FRED
1962,245.013900597112,taux_change_fcfa,FRED
1963,245.016403038517,taux_change_fcfa,FRED
1964,245.027206261166,taux_change_fcfa,FRED
1965,245.060897667394,taux_change_fcfa,FRED
1966,245.678405601562,taux_change_fcfa,FRED
1967,246.000900108188,taux_change_fcfa,FRED
1968,247.564697104238,taux_change_fcfa,FRED
1969,259.960601637173,taux_change_fcfa,FRED
1970,276.403137026845,taux_change_fcfa,FRED
1971,275.356456685332,taux_change_fcfa,FRED
1972,252.027627462649,taux_change_fcfa,FRED
1973,222.889183053227,taux_change_fcfa,FRED
1974,240.704667637823,taux_change_fcfa,FRED
1975,214.312900341219,taux_change_fcfa,FRED
1976,238.950494267059,taux_change_fcfa,FRED
1977,245.679686566576,taux_change_fcfa,FRED
1978,225.655860233957,taux_change_fcfa,FRED
1979,212.721644262377,taux_change_fcfa,FRED
1980,211.279555414705,taux_change_fcfa,FRED
1981,271.731452550327,taux_change_fcfa,FRED
1982,328.60625269899,taux_change_fcfa,FRED
1983,381.066036024628,taux_change_fcfa,FRED
1984,436.956665788008,taux_change_fcfa,FRED
1985,449.262962711607,taux_change_fcfa,FRED
1986,346.305903554493,taux_change_fcfa,FRED
1987,300.536562401478,taux_change_fcfa,FRED
1988,297.848218819378,taux_change_fcfa,FRED
1989,319.008299487903,taux_change_fcfa,FRED
1990,272.264787954393,taux_change_fcfa,FRED
1991,282.10690880882,taux_change_fcfa,FRED
1992,264.691800750579,taux_change_fcfa,FRED
1993,283.162579500018,taux_change_fcfa,FRED
1994,555.204695655697,taux_change_fcfa,FRED
1995,499.14842590131,taux_change_fcfa,FRED
1996,511.552430272516,taux_change_fcfa,FRED
1997,583.669372353396,taux_change_fcfa,FRED
1998,589.951774567332,taux_change_fcfa,FRED
1999,615.473349319164,taux_change_fcfa,FRED
2000,710.207977031367,taux_change_fcfa,FRED
2001,732.397693260228,taux_change_fcfa,FRED
2002,693.713226496374,taux_change_fcfa,FRED
2003,579.897426172466,taux_change_fcfa,FRED
2004,527.338032291576,taux_change_fcfa,FRED
2005,527.258362649626,taux_change_fcfa,FRED
2006,522.425624895176,taux_change_fcfa,FRED
2007,478.633718476363,taux_change_fcfa,FRED
2008,446.000041432788,taux_change_fcfa,FRED
2009,470.293423341398,taux_change_fcfa,FRED
2010,494.794262222947,taux_change_fcfa,FRED
2011,471.248625718937,taux_change_fcfa,FRED
2012,510.556338454251,taux_change_fcfa,FRED
2013,493.899623852237,taux_change_fcfa,FRED
2014,493.757329875312,taux_change_fcfa,FRED
2015,591.21169798261,taux_change_fcfa,FRED
2016,592.605615063022,taux_change_fcfa,FRED
2017,580.656749587858,taux_change_fcfa,FRED
2018,555.446458398226,taux_change_fcfa,FRED
2019,585.911013180369,taux_change_fcfa,FRED
2020,575.586004510945,taux_change_fcfa,FRED
2021,554.530675033104,taux_change_fcfa,FRED
2022,623.759700911182,taux_change_fcfa,FRED
2023,606.569750165917,taux_change_fcfa,FRED
